Method,R_e,A@e,RA@e,Run,n,f
RF,1,0.17,1.0,1,1050,50
RF,2,0.3,1.4333333333333333,1,1050,50
RF,3,0.37333333333333335,1.7410714285714286,1,1050,50
RF,4,0.44666666666666666,2.111940298507463,1,1050,50
RF,5,0.5,2.42,1,1050,50
RF,6,0.53,2.6226415094339623,1,1050,50
RF,7,0.5633333333333334,2.8816568047337277,1,1050,50
RF,8,0.5933333333333334,3.140449438202247,1,1050,50
RF,9,0.6366666666666667,3.5392670157068062,1,1050,50
RF,10,0.6533333333333333,3.704081632653061,1,1050,50
