#Samples,missing,#Features,#Classes,Gini,#SPH,#CPI,CHI,SIL,DBI,max info loss,Method,Run,n,f
148.31034482758622,0.10217074972706953,50.0,29.03448275862069,0.21300960619335307,22,0,0.0,0.0,0.0,0.1,SPH,1,1050,50
122.6896551724138,0.08999404034363387,50.0,23.482758620689655,0.19472102594276897,16,0,0.0,0.0,0.0,0.15,SPH,1,1050,50
89.0,0.0737935347766492,50.0,16.82758620689655,0.1793568064783199,9,0,0.0,0.0,0.0,0.2,SPH,1,1050,50
74.58620689655173,0.06902647174356326,50.0,14.827586206896552,0.17160179490459204,7,0,0.0,0.0,0.0,0.25,SPH,1,1050,50
72.75862068965517,0.06673082564674616,50.0,14.310344827586206,0.16830031311536617,6,0,0.0,0.0,0.0,0.3,SPH,1,1050,50
72.75862068965517,0.06673082564674616,50.0,14.310344827586206,0.16830031311536617,6,0,0.0,0.0,0.0,0.35,SPH,1,1050,50
