#Samples,missing,#Features,#Classes,Gini,#SPH,#CPI,CHI,SIL,DBI,Method,Run,n,f,max info loss
750.0,0.2388,50.0,84.0,0.5036825396825396,0,0,0.0,0.0,0.0,RF,1,1050,50,
34.541666666666664,0.05277443091866629,50.0,5.666666666666667,0.3653965912963591,2,0,0.0,0.0,0.0,SPH,1,1050,50,0.1
34.541666666666664,0.05277443091866629,50.0,5.666666666666667,0.3653965912963591,2,0,0.0,0.0,0.0,SPH,1,1050,50,0.15
34.541666666666664,0.05277443091866629,50.0,5.666666666666667,0.3653965912963591,2,0,0.0,0.0,0.0,SPH,1,1050,50,0.2
34.541666666666664,0.05277443091866629,50.0,5.666666666666667,0.3653965912963591,2,0,0.0,0.0,0.0,SPH,1,1050,50,0.25
34.541666666666664,0.05277443091866629,50.0,5.666666666666667,0.3653965912963591,2,0,0.0,0.0,0.0,SPH,1,1050,50,0.3
34.541666666666664,0.05277443091866629,50.0,5.666666666666667,0.3653965912963591,2,0,0.0,0.0,0.0,SPH,1,1050,50,0.35
