#Samples,missing,#Features,#Classes,Gini,#SPH,#CPI,max info loss,Method,Run,gini,p value
77.20689655172414,6.747416323373413,81.58620689655174,15.10344827586207,0.20609933939480043,7,0,0.3,SPH,1,,
67.84848484848486,7.223232836045848,82.03030303030303,13.272727272727277,0.18196716034655502,7,4,0.3,SPH+CPI,1,0.35,0.8
750.0,24.001333333333335,100.0,84.0,0.42993650793650795,0,0,,RF,1,,
750.0,0.0,15.0,84.0,0.42993650793650795,0,0,,RF+B,1,,
375.0000000000003,24.001573415345995,99.99999999999991,42.0,0.29157352053289803,0,29,,CPI,1,0.35,0.8
