Method,R_e,A@e,RA@e,Run,n,f
RF,1,0.5266666666666666,1.0,1,1050,50
RF,2,0.5866666666666667,1.1022727272727273,1,1050,50
RF,3,0.6433333333333333,1.2694300518134716,1,1050,50
RF,4,0.67,1.3781094527363185,1,1050,50
RF,5,0.6966666666666667,1.5167464114832536,1,1050,50
RF,6,0.72,1.662037037037037,1,1050,50
RF,7,0.73,1.735159817351598,1,1050,50
RF,8,0.76,1.9824561403508771,1,1050,50
RF,9,0.7833333333333333,2.1914893617021276,1,1050,50
RF,10,0.8,2.3541666666666665,1,1050,50
