#Samples,missing,#Features,#Classes,Gini,#SPH,#CPI,max info loss,Method,Run,gini,p value
73.17241379310346,6.535033749787458,81.37931034482762,14.724137931034484,0.15981223949737308,6,0,0.35,SPH,1,,
73.17241379310346,6.535033749787458,81.37931034482762,14.724137931034484,0.15981223949737308,6,0,0.35,SPH+CPI,1,0.3,0.7
750.0,24.014666666666667,100.0,84.0,0.3338730158730159,0,0,,RF,1,,
750.0,0.0,10.0,84.0,0.3338730158730159,0,0,,RF+B,1,,
375.0000000000002,24.014189568941617,99.99999999999991,41.99999999999999,0.18930554335109764,0,29,,CPI,1,0.3,0.7
