#Samples,missing,#Features,#Classes,Gini,#SPH,#CPI,max info loss,Method,Run,gini,p value
74.93103448275862,6.772306314554411,81.58620689655174,12.551724137931034,0.2874450662974152,7,0,0.35,SPH,1,,
63.911764705882355,7.202793009773354,81.97058823529414,10.705882352941174,0.24123189101984668,7,5,0.35,SPH+CPI,1,0.4,0.85
751.0,24.059920106524636,100.0,84.0,0.5016010398833302,0,0,,RF,1,,
751.0,0.0,26.0,84.0,0.5016010398833302,0,0,,RF+B,1,,
375.50000000000006,24.060038015802082,99.99999999999991,42.000000000000036,0.30426921188919454,0,29,,CPI,1,0.4,0.85
