#Samples,missing,#Features,#Classes,Gini,#SPH,#CPI,max info loss,Method,Run,gini,p value
71.06896551724138,6.538774033299748,81.37931034482762,11.724137931034484,0.3023681146610208,6,0,0.35,SPH,1,,
58.88571428571429,6.980486303594457,81.74285714285713,9.714285714285714,0.23329280331895186,6,6,0.35,SPH+CPI,1,0.4,0.85
751.0,24.050599201065246,100.0,84.0,0.5195453680806543,0,0,,RF,1,,
751.0,0.0,28.0,84.0,0.5195453680806543,0,0,,RF+B,1,,
375.4999999999997,24.050674763832642,99.99999999999991,42.000000000000036,0.31700785776469376,0,29,,CPI,1,0.4,0.85
