;R_e;A@e;Method;RA@e
0;1;0.33;RF+B;1.0
1;2;0.44666666666666666;RF+B;1.2611940298507462
2;3;0.54;RF+B;1.5617283950617284
3;4;0.6066666666666667;RF+B;1.8296703296703296
4;5;0.6466666666666666;RF+B;2.0257731958762886
5;6;0.6633333333333333;RF+B;2.1256281407035176
6;7;0.7;RF+B;2.380952380952381
7;8;0.72;RF+B;2.537037037037037
8;9;0.7333333333333333;RF+B;2.6545454545454548
9;10;0.7533333333333333;RF+B;2.849557522123894
