;R_e;A@e;Method;RA@e
0;1;0.2633333333333333;RF+B;1.0
1;2;0.41;RF+B;1.3577235772357723
2;3;0.5133333333333333;RF+B;1.6883116883116882
3;4;0.5966666666666667;RF+B;2.011173184357542
4;5;0.65;RF+B;2.2564102564102564
5;6;0.69;RF+B;2.473429951690821
6;7;0.73;RF+B;2.721461187214612
7;8;0.76;RF+B;2.9298245614035086
8;9;0.7833333333333333;RF+B;3.1106382978723404
9;10;0.8;RF+B;3.254166666666667
