;R_e;A@e;Method;RA@e
0;1;0.25;RF+B;1.0
1;2;0.39666666666666667;RF+B;1.3697478991596639
2;3;0.46;RF+B;1.5942028985507246
3;4;0.5333333333333333;RF+B;1.925
4;5;0.6166666666666667;RF+B;2.3405405405405406
5;6;0.6566666666666666;RF+B;2.563451776649746
6;7;0.7133333333333334;RF+B;2.9158878504672896
7;8;0.7433333333333333;RF+B;3.1210762331838566
8;9;0.7633333333333333;RF+B;3.2751091703056767
9;10;0.7733333333333333;RF+B;3.3620689655172415
