;R_e;A@e;Method;RA@e
0;1;0.3;RF+B;1.0
1;2;0.43333333333333335;RF+B;1.3076923076923077
2;3;0.5166666666666667;RF+B;1.5806451612903225
3;4;0.6;RF+B;1.9166666666666667
4;5;0.6533333333333333;RF+B;2.1683673469387754
5;6;0.6733333333333333;RF+B;2.282178217821782
6;7;0.6933333333333334;RF+B;2.418269230769231
7;8;0.7433333333333333;RF+B;2.7937219730941703
8;9;0.78;RF+B;3.0854700854700856
9;10;0.79;RF+B;3.172995780590717
