;R_e;A@e;Method;RA@e
0;1;0.3;RF+B;1.0
1;2;0.43333333333333335;RF+B;1.3076923076923077
2;3;0.5133333333333333;RF+B;1.5714285714285714
3;4;0.5833333333333334;RF+B;1.8628571428571428
4;5;0.6366666666666667;RF+B;2.1256544502617802
5;6;0.6633333333333333;RF+B;2.2814070351758793
6;7;0.7;RF+B;2.5285714285714285
7;8;0.7133333333333334;RF+B;2.630841121495327
8;9;0.74;RF+B;2.8603603603603602
9;10;0.77;RF+B;3.1385281385281387
