;R_e;A@e;Method;RA@e
0;1;0.24666666666666667;RF+B;1.0
1;2;0.41333333333333333;RF+B;1.403225806451613
2;3;0.53;RF+B;1.7547169811320755
3;4;0.5766666666666667;RF+B;1.9364161849710984
4;5;0.6366666666666667;RF+B;2.225130890052356
5;6;0.6666666666666666;RF+B;2.395
6;7;0.6833333333333333;RF+B;2.5073170731707317
7;8;0.72;RF+B;2.787037037037037
8;9;0.73;RF+B;2.872146118721461
9;10;0.75;RF+B;3.062222222222222
