;R_e;A@e;Method;RA@e
0;1;0.2866666666666667;RF+B;1.0
1;2;0.41333333333333333;RF+B;1.3064516129032258
2;3;0.52;RF+B;1.6538461538461537
3;4;0.6066666666666667;RF+B;1.989010989010989
4;5;0.64;RF+B;2.1458333333333335
5;6;0.6733333333333333;RF+B;2.3366336633663365
6;7;0.7033333333333334;RF+B;2.5355450236966823
7;8;0.7166666666666667;RF+B;2.6372093023255814
8;9;0.7433333333333333;RF+B;2.8654708520179373
9;10;0.77;RF+B;3.1125541125541125
