;R_e;A@e;Method;RA@e
0;1;0.30333333333333334;RF+B;1.0
1;2;0.41;RF+B;1.2601626016260163
2;3;0.49333333333333335;RF+B;1.554054054054054
3;4;0.56;RF+B;1.8452380952380953
4;5;0.6166666666666667;RF+B;2.135135135135135
5;6;0.6433333333333333;RF+B;2.295336787564767
6;7;0.6833333333333333;RF+B;2.5707317073170732
7;8;0.7166666666666667;RF+B;2.8232558139534882
8;9;0.7466666666666667;RF+B;3.0714285714285716
9;10;0.76;RF+B;3.192982456140351
