;R_e;A@e;Method;RA@e
0;1;0.28;RF+B;1.0
1;2;0.3933333333333333;RF+B;1.2881355932203389
2;3;0.52;RF+B;1.705128205128205
3;4;0.6066666666666667;RF+B;2.032967032967033
4;5;0.6466666666666666;RF+B;2.216494845360825
5;6;0.6666666666666666;RF+B;2.33
6;7;0.7;RF+B;2.552380952380952
7;8;0.7266666666666667;RF+B;2.7522935779816513
8;9;0.7433333333333333;RF+B;2.89237668161435
9;10;0.77;RF+B;3.1385281385281387
