;R_e;A@e;Method;RA@e
0;1;0.26;RF+B;1.0
1;2;0.42;RF+B;1.380952380952381
2;3;0.52;RF+B;1.6923076923076923
3;4;0.58;RF+B;1.9310344827586208
4;5;0.6333333333333333;RF+B;2.1894736842105265
5;6;0.6666666666666666;RF+B;2.38
6;7;0.69;RF+B;2.536231884057971
7;8;0.7066666666666667;RF+B;2.6650943396226414
8;9;0.73;RF+B;2.867579908675799
9;10;0.74;RF+B;2.963963963963964
