;R_e;A@e;Method;RA@e
0;1;0.30333333333333334;RF+B;1.0
1;2;0.41;RF+B;1.2601626016260163
2;3;0.53;RF+B;1.6540880503144655
3;4;0.6133333333333333;RF+B;1.9728260869565217
4;5;0.67;RF+B;2.228855721393035
5;6;0.6933333333333334;RF+B;2.355769230769231
6;7;0.7133333333333334;RF+B;2.485981308411215
7;8;0.7466666666666667;RF+B;2.732142857142857
8;9;0.7633333333333333;RF+B;2.868995633187773
9;10;0.7866666666666666;RF+B;3.080508474576271
